js,vendor/plaisio-ts/helper-cast/src,,Plaisio/Helper/Cast.ts
js,vendor/plaisio/form-louver/www/js,,Plaisio/Form/LouverFormPackage.ts
js,vendor/plaisio/form-louver/www/js,,Plaisio/Form/SlatJoint/CheckboxSlatJoint.ts
js,vendor/plaisio/form-louver/www/js,,Plaisio/Form/TableColumn/CheckboxTableColumn.ts
js,vendor/plaisio/form-louver/www/js,,Plaisio/Form/TableColumn/CheckboxesTableColumn.ts
js,vendor/plaisio/form-louver/www/js,,Plaisio/Form/TableColumn/HtmlTableColumn.ts
js,vendor/plaisio/form-louver/www/js,,Plaisio/Form/TableColumn/RadioTableColumn.ts
js,vendor/plaisio/form-louver/www/js,,Plaisio/Form/TableColumn/RadiosTableColumn.ts
js,vendor/plaisio/form-louver/www/js,,Plaisio/Form/TableColumn/SelectTableColumn.ts
js,vendor/plaisio/form-louver/www/js,,Plaisio/Form/TableColumn/TextAreaTableColumn.ts
js,vendor/plaisio/form-louver/www/js,,Plaisio/Form/TableColumn/TextTableColumn.ts
js,vendor/plaisio/form/www/js,,Plaisio/Form/Form.ts
js,vendor/plaisio/form/www/js,,Plaisio/Form/FormPackage.ts
js,vendor/plaisio/table-overview/www/js,,Plaisio/Table/Helper/ColumnSortInfo.ts
js,vendor/plaisio/table-overview/www/js,,Plaisio/Table/OverviewTable.ts
js,vendor/plaisio/table-overview/www/js,,Plaisio/Table/OverviewTablePackage.ts
js,vendor/plaisio/table-overview/www/js,,Plaisio/Table/TableColumn/BoolTableColumn.ts
js,vendor/plaisio/table-overview/www/js,,Plaisio/Table/TableColumn/DateTimeTableColumn.ts
js,vendor/plaisio/table-overview/www/js,,Plaisio/Table/TableColumn/IpTableColumn.ts
js,vendor/plaisio/table-overview/www/js,,Plaisio/Table/TableColumn/NoneTableColumn.ts
js,vendor/plaisio/table-overview/www/js,,Plaisio/Table/TableColumn/NumberTableColumn.ts
js,vendor/plaisio/table-overview/www/js,,Plaisio/Table/TableColumn/TableColumn.ts
js,vendor/plaisio/table-overview/www/js,,Plaisio/Table/TableColumn/TextTableColumn.ts
js,vendor/plaisio/table-overview/www/js,,Plaisio/Table/TableColumn/UuidTableColumn.ts
